epoch,time,train/box_loss,train/cls_loss,train/dfl_loss,metrics/precision(B),metrics/recall(B),metrics/mAP50(B),metrics/mAP50-95(B),val/box_loss,val/cls_loss,val/dfl_loss,lr/pg0,lr/pg1,lr/pg2
1,45.947,3.33706,8.55259,4.39638,0.00079,0.09744,0.00051,0.00017,3.91973,4.22235,3.9774,0.00098,0.00098,0.08138
2,82.6411,3.26114,5.21774,4.27481,0.00103,0.09744,0.00218,0.00048,3.89828,4.36462,3.97813,0.00197979,0.00197979,0.0623798
3,119.101,3.19254,4.70365,4.2359,0.03708,0.03761,0.00637,0.00166,3.82764,4.55805,4.09694,0.00297871,0.00297871,0.0433787
4,155.188,3.35333,4.76982,4.19356,0.00532,0.05641,0.00196,0.00054,3.86984,9.08882,5.23395,0.00397611,0.00397611,0.0243761
5,191.005,3.25085,4.52953,4.1514,0.00594,0.0735,0.00174,0.00045,3.82734,512.577,8.99827,0.00497135,0.00497135,0.00537135
6,227.284,3.31657,4.23642,4.12447,0.01725,0.06154,0.00346,0.00068,3.83142,inf,6.97844,0.00498644,0.00498644,0.00498644
7,263.343,3.22994,4.09862,4.00182,0.02163,0.07179,0.00406,0.00082,3.86861,41.7376,7.38269,0.00498048,0.00498048,0.00498048
8,299.139,3.34831,4.42276,3.93919,0.03592,0.06838,0.00977,0.0024,3.60195,15.2211,5.17858,0.00497345,0.00497345,0.00497345
9,335.329,3.26196,4.01235,3.86236,0.04222,0.10904,0.00977,0.00209,3.56281,8.44037,4.97871,0.00496534,0.00496534,0.00496534
10,371.276,3.15199,3.95266,3.72232,0.08265,0.09744,0.01452,0.00355,3.33545,8.62727,3.78854,0.00495616,0.00495616,0.00495616
11,407.702,3.1699,3.71461,3.60479,0.04037,0.11966,0.015,0.00354,3.41782,15.1782,4.67641,0.00494592,0.00494592,0.00494592
12,443.615,3.11393,3.78819,3.60872,0.12918,0.08205,0.03242,0.00803,3.21822,4.2338,3.90915,0.00493461,0.00493461,0.00493461
13,479.942,3.18625,3.6781,3.46116,0.09368,0.11111,0.0354,0.00825,3.22783,7.56734,3.46996,0.00492224,0.00492224,0.00492224
14,516.098,2.94022,3.41999,3.3727,0.14586,0.11795,0.05185,0.0129,3.14758,3.34573,3.13698,0.00490883,0.00490883,0.00490883
15,552.042,3.07024,3.37864,3.32564,0.15443,0.17094,0.05836,0.01645,3.10896,4.73251,3.25296,0.00489437,0.00489437,0.00489437
16,588.216,2.91017,3.34329,3.23726,0.18849,0.17709,0.07893,0.02464,2.90292,2.97576,2.9028,0.00487886,0.00487886,0.00487886
17,624.313,2.95081,3.29552,3.26366,0.20094,0.20684,0.09755,0.03413,2.77186,3.24284,2.86834,0.00486233,0.00486233,0.00486233
18,660.111,2.81005,3.1931,3.10787,0.11334,0.13162,0.054,0.01485,2.9348,3.0966,2.9491,0.00484477,0.00484477,0.00484477
19,696.231,2.79786,3.28509,3.16925,0.14528,0.17607,0.07905,0.02748,2.76956,4.02845,2.9505,0.0048262,0.0048262,0.0048262
20,731.967,2.80586,3.19911,3.12763,0.17484,0.20513,0.08528,0.03097,2.70771,3.38884,2.8026,0.00480661,0.00480661,0.00480661
21,768.342,2.83754,3.03832,3.09831,0.11686,0.11624,0.03993,0.01487,2.83262,3.47207,2.93027,0.00478603,0.00478603,0.00478603
22,804.975,2.71966,2.95669,3.03178,0.27293,0.19658,0.12138,0.04373,2.62676,2.67144,2.78826,0.00476445,0.00476445,0.00476445
23,840.916,2.66304,2.87146,2.99629,0.19907,0.11939,0.07727,0.02546,2.71273,2.92093,2.79259,0.00474189,0.00474189,0.00474189
24,877.277,2.66108,2.7883,2.90244,0.27141,0.24786,0.13832,0.05183,2.64186,2.56484,2.65628,0.00471835,0.00471835,0.00471835
25,912.912,2.57462,2.97738,2.86716,0.24129,0.22393,0.13267,0.05646,2.62155,2.58852,2.6397,0.00469386,0.00469386,0.00469386
26,949.188,2.54697,2.93325,2.73181,0.20775,0.29744,0.13117,0.05162,2.59959,2.827,2.60472,0.00466841,0.00466841,0.00466841
27,985.57,2.5656,2.80461,2.83136,0.29232,0.22735,0.15994,0.05938,2.60014,2.55129,2.59341,0.00464203,0.00464203,0.00464203
28,1021.55,2.47214,2.66383,2.74388,0.23435,0.31453,0.15458,0.06379,2.52294,2.44444,2.54735,0.00461471,0.00461471,0.00461471
29,1057.85,2.48275,2.76028,2.74783,0.16726,0.14627,0.06911,0.02209,2.5259,6.29832,2.68286,0.00458648,0.00458648,0.00458648
30,1093.66,2.45925,2.65998,2.64459,0.25681,0.25128,0.12874,0.05427,2.565,2.90808,2.53006,0.00455734,0.00455734,0.00455734
31,1130.04,2.33605,2.43293,2.64598,0.25577,0.29402,0.14633,0.06142,2.39693,2.4081,2.46064,0.00452732,0.00452732,0.00452732
32,1166.27,2.36625,2.45767,2.58463,0.40802,0.30769,0.19857,0.07437,2.42232,2.33841,2.38845,0.00449641,0.00449641,0.00449641
33,1202.4,2.42974,2.53199,2.62755,0.35229,0.31282,0.21458,0.09592,2.35381,2.50392,2.33586,0.00446464,0.00446464,0.00446464
34,1238.81,2.29447,2.46517,2.57339,0.31387,0.26667,0.19841,0.09276,2.3794,2.43399,2.32448,0.00443202,0.00443202,0.00443202
35,1274.72,2.25968,2.39755,2.45781,0.44432,0.33162,0.29329,0.13443,2.35919,2.2169,2.29259,0.00439856,0.00439856,0.00439856
36,1311.09,2.34418,2.53836,2.52833,0.38314,0.25128,0.2002,0.0913,2.34081,2.42131,2.37418,0.00436428,0.00436428,0.00436428
37,1347.16,2.30355,2.3835,2.48793,0.38044,0.29231,0.21811,0.10136,2.32396,2.30892,2.33395,0.0043292,0.0043292,0.0043292
38,1383.17,2.27189,2.27909,2.50092,0.42282,0.31111,0.26838,0.12036,2.25596,2.21816,2.23847,0.00429332,0.00429332,0.00429332
39,1419.44,2.19058,2.31018,2.42108,0.49947,0.32991,0.28546,0.12907,2.24931,2.19948,2.27359,0.00425667,0.00425667,0.00425667
40,1455.39,2.21423,2.31249,2.38421,0.55248,0.30598,0.31748,0.151,2.14856,2.05678,2.19577,0.00421925,0.00421925,0.00421925
41,1491.77,2.11444,2.23723,2.34677,0.51806,0.3381,0.29539,0.14726,2.09366,1.98621,2.17601,0.0041811,0.0041811,0.0041811
42,1528.04,2.25652,2.30479,2.38999,0.38772,0.30085,0.24208,0.1076,2.20688,2.57751,2.27139,0.00414222,0.00414222,0.00414222
43,1564.14,2.12876,2.20404,2.36857,0.45351,0.34359,0.29794,0.14962,2.03915,2.21995,2.10575,0.00410262,0.00410262,0.00410262
44,1600.36,2.11765,2.27514,2.38352,0.48038,0.33503,0.2762,0.12819,2.17926,2.04199,2.15677,0.00406234,0.00406234,0.00406234
45,1636.25,2.21227,2.20775,2.26674,0.53854,0.34359,0.35312,0.16857,2.09324,2.05008,2.12207,0.00402138,0.00402138,0.00402138
46,1672.4,2.10019,2.21658,2.32135,0.62275,0.34359,0.33848,0.17477,2.00353,1.95079,2.09443,0.00397977,0.00397977,0.00397977
47,1708.67,2.1305,2.0927,2.2525,0.57277,0.3071,0.3298,0.15987,2.1212,2.00685,2.1104,0.00393752,0.00393752,0.00393752
48,1744.57,2.09613,2.11193,2.20909,0.54193,0.35043,0.34783,0.18416,1.98173,1.82307,2.00283,0.00389464,0.00389464,0.00389464
49,1780.76,2.10052,2.02986,2.21756,0.53453,0.35556,0.35965,0.19258,1.97395,1.81177,2.00745,0.00385117,0.00385117,0.00385117
50,1816.44,2.116,2.15817,2.29786,0.64882,0.37094,0.35573,0.18318,1.98565,1.85691,2.01013,0.00380712,0.00380712,0.00380712
51,1852.49,2.03191,2.04794,2.19883,0.63898,0.3641,0.37404,0.19026,1.96356,1.82409,2.02774,0.0037625,0.0037625,0.0037625
52,1888.64,2.03813,2.05459,2.21167,0.49081,0.31795,0.30344,0.14149,2.13477,2.04118,2.12455,0.00371734,0.00371734,0.00371734
53,1924.69,2.04888,2.08544,2.23037,0.61144,0.40171,0.37876,0.20103,1.9027,1.80315,1.97267,0.00367166,0.00367166,0.00367166
54,1960.83,1.98975,2.05161,2.15604,0.60496,0.41538,0.38136,0.19843,1.91001,1.91779,1.93573,0.00362547,0.00362547,0.00362547
55,1996.64,1.97608,1.97206,2.15356,0.62518,0.40772,0.3801,0.19332,1.9544,1.95125,1.97951,0.0035788,0.0035788,0.0035788
56,2033,1.9639,1.94944,2.1363,0.666,0.39829,0.40975,0.21416,1.96677,1.73096,1.95307,0.00353167,0.00353167,0.00353167
57,2069.5,1.98162,1.91449,2.15498,0.64554,0.39316,0.42847,0.23634,1.89275,1.70948,1.92858,0.0034841,0.0034841,0.0034841
58,2105.3,2.06824,2.02384,2.13723,0.55637,0.40518,0.3964,0.22624,1.86419,2.12275,1.9018,0.00343611,0.00343611,0.00343611
59,2141.68,1.9483,1.8193,2.08546,0.60513,0.40171,0.39994,0.21414,1.84403,1.785,1.86059,0.00338772,0.00338772,0.00338772
60,2177.55,2.01684,2.01116,2.1246,0.66531,0.39316,0.42261,0.23383,1.87871,1.67852,1.8931,0.00333894,0.00333894,0.00333894
61,2213.84,1.86599,1.84001,2.08368,0.65023,0.40684,0.40055,0.20197,1.92775,1.75971,1.95074,0.00328982,0.00328982,0.00328982
62,2250.29,1.91451,1.90899,2.0999,0.67505,0.39487,0.42449,0.25111,1.76816,1.67067,1.85244,0.00324035,0.00324035,0.00324035
63,2286.45,1.89775,1.78523,2.05249,0.73864,0.41368,0.43933,0.25716,1.74079,1.68046,1.82352,0.00319058,0.00319058,0.00319058
64,2322.72,1.92613,1.86109,2.0897,0.68644,0.41197,0.43717,0.24695,1.7901,1.62718,1.82867,0.00314051,0.00314051,0.00314051
65,2358.82,1.93152,1.90556,2.11317,0.73572,0.42222,0.45919,0.26185,1.76411,1.56815,1.80556,0.00309017,0.00309017,0.00309017
66,2394.81,1.85267,1.80901,2.01829,0.74673,0.39658,0.43734,0.24286,1.78256,1.62947,1.81553,0.00303958,0.00303958,0.00303958
67,2430.92,1.8151,1.76413,2.0523,0.74907,0.40513,0.44238,0.2611,1.75079,1.58293,1.78268,0.00298877,0.00298877,0.00298877
68,2466.56,1.83318,1.80101,2.00844,0.64374,0.39845,0.41634,0.24703,1.7495,1.74035,1.7706,0.00293775,0.00293775,0.00293775
69,2503.43,1.8877,1.88571,2.04628,0.71572,0.41368,0.45451,0.26831,1.74162,1.57394,1.75784,0.00288656,0.00288656,0.00288656
70,2541.74,1.82218,1.78616,1.99608,0.70803,0.42393,0.4524,0.2609,1.7057,1.60785,1.78547,0.0028352,0.0028352,0.0028352
71,2580.02,1.79393,1.7198,1.95828,0.70699,0.41368,0.4468,0.26677,1.71796,1.60852,1.75547,0.00278371,0.00278371,0.00278371
72,2618.23,1.79659,1.74823,1.97722,0.73968,0.42393,0.46373,0.27093,1.65042,1.55598,1.7127,0.0027321,0.0027321,0.0027321
73,2654.25,1.78053,1.7669,2.03055,0.7065,0.44441,0.45576,0.25637,1.70807,1.53965,1.75702,0.00268041,0.00268041,0.00268041
74,2690.36,1.71623,1.70206,1.93933,0.6717,0.40855,0.44133,0.26292,1.67766,1.54535,1.70948,0.00262864,0.00262864,0.00262864
75,2726.81,1.71985,1.6674,1.90337,0.72606,0.4188,0.46333,0.26195,1.71533,1.53459,1.76259,0.00257683,0.00257683,0.00257683
76,2762.59,1.79899,1.64956,1.99878,0.68544,0.42092,0.44948,0.25888,1.67535,1.61976,1.7191,0.002525,0.002525,0.002525
77,2798.73,1.65628,1.57438,1.90535,0.77192,0.43077,0.48185,0.29572,1.57822,1.50147,1.6759,0.00247317,0.00247317,0.00247317
78,2834.48,1.74218,1.64786,1.86454,0.73854,0.43419,0.47639,0.29639,1.60344,1.45954,1.67666,0.00242136,0.00242136,0.00242136
79,2870.33,1.67608,1.54571,1.81861,0.72167,0.43248,0.4693,0.26986,1.70611,1.46534,1.77711,0.00236959,0.00236959,0.00236959
80,2906.75,1.62304,1.53063,1.82966,0.77538,0.43419,0.47865,0.28026,1.69154,1.45112,1.70074,0.0023179,0.0023179,0.0023179
81,2942.66,1.63797,1.52912,1.82471,0.80509,0.44483,0.49736,0.29895,1.62788,1.39688,1.67211,0.00226629,0.00226629,0.00226629
82,2979.14,1.67569,1.58606,1.8546,0.77321,0.47208,0.49844,0.28722,1.65241,1.40894,1.68884,0.0022148,0.0022148,0.0022148
83,3015.18,1.68922,1.62411,1.84772,0.80295,0.45299,0.49488,0.30036,1.6105,1.45155,1.66169,0.00216344,0.00216344,0.00216344
84,3051.33,1.75321,1.71781,1.93192,0.78816,0.45641,0.49315,0.29386,1.60958,1.47622,1.66024,0.00211225,0.00211225,0.00211225
85,3087.58,1.70795,1.65445,1.85845,0.75744,0.44103,0.48542,0.2842,1.62008,1.52522,1.69354,0.00206123,0.00206123,0.00206123
86,3123.6,1.61847,1.58858,1.824,0.84091,0.45299,0.50338,0.30981,1.58145,1.37338,1.66158,0.00201042,0.00201042,0.00201042
87,3159.78,1.73412,1.60269,1.88093,0.81407,0.44908,0.49298,0.30928,1.55927,1.37773,1.63794,0.00195983,0.00195983,0.00195983
88,3195.62,1.60534,1.50748,1.7463,0.79836,0.45128,0.5023,0.31245,1.56196,1.38803,1.63629,0.00190949,0.00190949,0.00190949
89,3231.61,1.6313,1.62096,1.82676,0.81394,0.43419,0.49997,0.31455,1.54358,1.34091,1.60567,0.00185942,0.00185942,0.00185942
90,3267.88,1.6203,1.53011,1.81045,0.80584,0.42564,0.48814,0.30847,1.53673,1.38911,1.59824,0.00180965,0.00180965,0.00180965
91,3303.74,1.724,1.58467,1.85671,0.77077,0.43932,0.50145,0.32885,1.47197,1.34766,1.54949,0.00176018,0.00176018,0.00176018
92,3340.4,1.58567,1.49789,1.70599,0.75525,0.46946,0.51221,0.3222,1.51359,1.36414,1.57173,0.00171106,0.00171106,0.00171106
93,3376.29,1.58394,1.49415,1.78165,0.77801,0.46496,0.51882,0.31718,1.53088,1.35077,1.59269,0.00166228,0.00166228,0.00166228
94,3412.27,1.63444,1.58088,1.81947,0.77881,0.46346,0.51016,0.33221,1.501,1.31111,1.56194,0.00161389,0.00161389,0.00161389
95,3448.9,1.55046,1.48804,1.81516,0.85248,0.4544,0.51822,0.3303,1.51027,1.31344,1.57402,0.0015659,0.0015659,0.0015659
96,3484.89,1.51733,1.4131,1.77257,0.80744,0.46667,0.51816,0.33515,1.50368,1.30454,1.55352,0.00151833,0.00151833,0.00151833
97,3521.13,1.6227,1.49557,1.832,0.80974,0.47521,0.52237,0.33004,1.48777,1.36508,1.58364,0.0014712,0.0014712,0.0014712
98,3556.78,1.59756,1.4595,1.79384,0.82867,0.46838,0.51608,0.32445,1.48798,1.27634,1.53562,0.00142453,0.00142453,0.00142453
99,3592.97,1.62006,1.48651,1.81639,0.82561,0.44786,0.51047,0.32031,1.50109,1.28988,1.5464,0.00137834,0.00137834,0.00137834
100,3629.31,1.61309,1.55753,1.71535,0.7844,0.45128,0.50762,0.31828,1.47299,1.34133,1.55047,0.00133266,0.00133266,0.00133266
101,3665.16,1.60867,1.53839,1.75019,0.79731,0.45724,0.51473,0.32133,1.49735,1.31473,1.58901,0.0012875,0.0012875,0.0012875
102,3701.73,1.55308,1.46025,1.77644,0.77658,0.46346,0.52524,0.33529,1.47996,1.28728,1.5467,0.00124288,0.00124288,0.00124288
103,3737.6,1.55613,1.46604,1.78668,0.81316,0.46871,0.53075,0.3321,1.49937,1.28904,1.56072,0.00119883,0.00119883,0.00119883
104,3773.56,1.58346,1.45791,1.77799,0.8433,0.46154,0.53033,0.34092,1.47144,1.23797,1.5274,0.00115536,0.00115536,0.00115536
105,3809.98,1.56878,1.5209,1.78152,0.79003,0.50085,0.53988,0.34058,1.47055,1.27818,1.5399,0.00111248,0.00111248,0.00111248
106,3845.95,1.54548,1.45082,1.723,0.82308,0.46838,0.52265,0.33882,1.46157,1.33435,1.5314,0.00107023,0.00107023,0.00107023
107,3882.41,1.52474,1.43316,1.69878,0.83546,0.46002,0.52338,0.34258,1.45637,1.25744,1.5084,0.00102862,0.00102862,0.00102862
108,3918.19,1.51622,1.47491,1.739,0.82392,0.46154,0.52007,0.32892,1.5064,1.31256,1.58436,0.000987659,0.000987659,0.000987659
109,3954.29,1.43897,1.39076,1.73055,0.83313,0.46088,0.52676,0.35169,1.39176,1.21301,1.48552,0.000947376,0.000947376,0.000947376
110,3990.59,1.53433,1.44018,1.76899,0.8312,0.46295,0.52361,0.3435,1.41427,1.22791,1.5247,0.000907784,0.000907784,0.000907784
111,4026.3,1.49361,1.38709,1.64407,0.81314,0.47179,0.52591,0.35791,1.40372,1.22619,1.47604,0.000868902,0.000868902,0.000868902
112,4063.04,1.56598,1.526,1.76508,0.85893,0.45812,0.52673,0.35141,1.4099,1.22867,1.47931,0.000830746,0.000830746,0.000830746
113,4099.24,1.42072,1.32262,1.68154,0.84074,0.48034,0.53492,0.35717,1.40337,1.22028,1.47107,0.000793333,0.000793333,0.000793333
114,4135.28,1.47843,1.36946,1.68833,0.76908,0.4896,0.53435,0.34954,1.41207,1.25192,1.47563,0.00075668,0.00075668,0.00075668
115,4172.93,1.50501,1.39913,1.6947,0.8972,0.46496,0.54518,0.3629,1.3941,1.20749,1.482,0.000720803,0.000720803,0.000720803
116,4211.74,1.47977,1.39253,1.72257,0.86356,0.47521,0.53807,0.35754,1.3968,1.20262,1.48477,0.000685717,0.000685717,0.000685717
117,4250.17,1.45785,1.36124,1.68487,0.86514,0.45812,0.53515,0.3564,1.39599,1.20871,1.47832,0.000651437,0.000651437,0.000651437
118,4288.51,1.51556,1.3939,1.74455,0.87408,0.47692,0.54197,0.3664,1.37519,1.18342,1.47165,0.00061798,0.00061798,0.00061798
119,4324.63,1.51024,1.44249,1.73019,0.8832,0.46496,0.53938,0.35706,1.3925,1.20751,1.48996,0.000585359,0.000585359,0.000585359
120,4361.05,1.48213,1.39297,1.71386,0.78897,0.48376,0.5364,0.35144,1.40914,1.22922,1.4654,0.000553588,0.000553588,0.000553588
121,4396.73,1.47875,1.42621,1.69303,0.90097,0.4735,0.54863,0.36245,1.3834,1.20831,1.46038,0.000522683,0.000522683,0.000522683
122,4433.07,1.45333,1.34126,1.66877,0.85404,0.47692,0.54183,0.36339,1.35614,1.2224,1.44997,0.000492656,0.000492656,0.000492656
123,4469.33,1.49154,1.39713,1.64804,0.86881,0.47692,0.54425,0.3642,1.36744,1.22943,1.45517,0.00046352,0.00046352,0.00046352
124,4505.87,1.40315,1.31262,1.65136,0.85595,0.47739,0.54431,0.36162,1.37355,1.2066,1.47492,0.000435288,0.000435288,0.000435288
125,4542.21,1.45723,1.32346,1.67914,0.86805,0.47521,0.5431,0.3675,1.38112,1.19762,1.48575,0.000407973,0.000407973,0.000407973
126,4578.24,1.47163,1.3432,1.6884,0.85214,0.48376,0.54571,0.36354,1.37279,1.19067,1.48056,0.000381587,0.000381587,0.000381587
127,4614.21,1.43253,1.34148,1.64981,0.81994,0.47482,0.54261,0.3682,1.35895,1.19175,1.44302,0.000356141,0.000356141,0.000356141
128,4650.15,1.44386,1.31403,1.70363,0.83969,0.48352,0.54449,0.36863,1.34866,1.19349,1.44142,0.000331646,0.000331646,0.000331646
129,4685.96,1.41467,1.35314,1.64238,0.83081,0.48034,0.5426,0.3681,1.33063,1.16721,1.44127,0.000308113,0.000308113,0.000308113
130,4722.26,1.41142,1.33459,1.6958,0.8004,0.49744,0.54523,0.36417,1.38034,1.18825,1.48892,0.000285553,0.000285553,0.000285553
131,4758.02,1.3997,1.34074,1.64443,0.81996,0.47491,0.53736,0.36522,1.34179,1.15826,1.43958,0.000263975,0.000263975,0.000263975
132,4794.49,1.4076,1.27647,1.6682,0.87551,0.46886,0.53744,0.36737,1.34907,1.17255,1.43725,0.000243389,0.000243389,0.000243389
133,4830.97,1.42302,1.32088,1.64274,0.85032,0.48205,0.54236,0.36976,1.35695,1.1701,1.44761,0.000223803,0.000223803,0.000223803
134,4866.7,1.38054,1.30302,1.62269,0.81647,0.49431,0.54395,0.3759,1.32656,1.15358,1.43081,0.000205227,0.000205227,0.000205227
135,4903.07,1.44277,1.34441,1.68483,0.81804,0.49954,0.53955,0.36895,1.32816,1.15312,1.43247,0.000187668,0.000187668,0.000187668
136,4938.67,1.451,1.35764,1.67842,0.82153,0.48788,0.54349,0.36946,1.34334,1.16367,1.45248,0.000171135,0.000171135,0.000171135
137,4974.74,1.34408,1.31734,1.57518,0.81822,0.49242,0.54625,0.37566,1.33023,1.16028,1.4368,0.000155634,0.000155634,0.000155634
138,5010.75,1.4162,1.3214,1.66944,0.84261,0.48547,0.54703,0.37772,1.32506,1.16262,1.43235,0.000141173,0.000141173,0.000141173
139,5046.47,1.3481,1.32464,1.59305,0.81929,0.49402,0.54266,0.3756,1.33144,1.1568,1.44889,0.000127757,0.000127757,0.000127757
140,5082.79,1.4757,1.3667,1.78417,0.84992,0.4906,0.54354,0.37676,1.32826,1.15547,1.45389,0.000115392,0.000115392,0.000115392
141,5117.49,1.41614,1.35302,1.68784,0.79172,0.50034,0.53625,0.36559,1.38806,1.20543,1.48164,0.000104085,0.000104085,0.000104085
142,5152.64,1.39983,1.41718,1.65467,0.79039,0.4906,0.53009,0.36286,1.38957,1.20538,1.46642,9.38391e-05,9.38391e-05,9.38391e-05
143,5187.58,1.47583,1.51276,1.6477,0.80092,0.49231,0.53036,0.36184,1.38835,1.19592,1.45853,8.46598e-05,8.46598e-05,8.46598e-05
144,5222.09,1.33681,1.31644,1.60339,0.79382,0.48889,0.53212,0.36844,1.3695,1.18589,1.43343,7.6551e-05,7.6551e-05,7.6551e-05
145,5257.23,1.42999,1.33141,1.65722,0.82256,0.47546,0.53354,0.36778,1.36536,1.17821,1.43084,6.95161e-05,6.95161e-05,6.95161e-05
146,5291.69,1.36605,1.28128,1.6065,0.82622,0.47692,0.53275,0.36842,1.35612,1.17022,1.42477,6.35583e-05,6.35583e-05,6.35583e-05
147,5326.73,1.31513,1.24602,1.5828,0.83608,0.47863,0.53654,0.37029,1.36207,1.1681,1.4224,5.86802e-05,5.86802e-05,5.86802e-05
148,5361.69,1.31059,1.33406,1.59892,0.77839,0.49235,0.53525,0.36832,1.35417,1.16422,1.42033,5.48838e-05,5.48838e-05,5.48838e-05
149,5396.6,1.40517,1.39056,1.61429,0.76331,0.50165,0.5381,0.36943,1.35535,1.16535,1.42324,5.2171e-05,5.2171e-05,5.2171e-05
150,5431.68,1.46083,1.37561,1.7302,0.77264,0.49915,0.53742,0.37002,1.36406,1.17828,1.43281,5.05428e-05,5.05428e-05,5.05428e-05
